cuisine/country;recipe Name;Link
Thai;Thai Satay Stuffed Sweet Potato;https://www.yummly.com/recipe/Thai-Satay-Stuffed-Sweet-Potato-2436674
Thai;Coconut Curry Carrot and Sweet Potato Soup;https://www.yummly.com/recipe/Coconut-Curry-Carrot-and-Sweet-Potato-Soup-2237725
Thai;Thai Chicken Coconut Curry;https://www.yummly.com/recipe/Thai-Chicken-Coconut-Curry-2556801
Thai;Chicken Pad Thai;https://www.yummly.com/recipe/Chicken-Pad-Thai-2631301
Thai;Classic Pad Thai;https://www.yummly.com/recipe/Classic-Pad-Thai-2151767
Thai;Thai-Style Lemongrass Chicken and Herb Wraps;https://www.yummly.com/recipe/Thai-Style-Lemongrass-Chicken-and-Herb-Wraps-2098854
Thai;Thai-Style Garlic Chicken;https://www.yummly.com/recipe/Thai-Style-Garlic-Chicken-681331
Thai;Authentic Thai Red Chicken Curry / Easy Thai Curry;https://www.yummly.com/recipe/Authentic-Thai-Red-Chicken-Curry-_-Easy-Thai-Curry-1526752
Thai;Thai Curry;https://www.yummly.com/recipe/Thai-Curry-894243
Thai;Thai Cucumber Salad;https://www.yummly.com/recipe/Thai-Cucumber-Salad-1211085
Thai;Thai Chicken Satay;https://www.yummly.com/recipe/Thai-Chicken-Satay-9081664
Thai;Thai Chicken Lettuce Wraps;https://www.yummly.com/recipe/Thai-Chicken-Lettuce-Wraps-1087592
Thai;Thai Red Curry Noodle Soup;https://www.yummly.com/recipe/Thai-Red-Curry-Noodle-Soup-2405986
Thai;Thai Green Curry;https://www.yummly.com/recipe/Thai-Green-Curry-1040116
Thai;Thai Pumpkin Curry;https://www.yummly.com/recipe/Thai-Pumpkin-Curry-2151783
Thai;Thai Salad;https://www.yummly.com/recipe/Thai-Salad-2626578
Thai;Thai Basil Beef;https://www.yummly.com/recipe/Thai-Basil-Beef-9192332
Thai;Thai Panang Chicken Curry;https://www.yummly.com/recipe/Thai-Panang-Chicken-Curry-9048684
Thai;Thai Garlic Pepper Chicken;https://www.yummly.com/recipe/Thai-Garlic-Pepper-Chicken-2702181
Thai;Thai Coconut Curry Chicken;https://www.yummly.com/recipe/Thai-Coconut-Curry-Chicken-1635276
Thai;Easy Pad Thai;https://www.yummly.com/recipe/Easy-Pad-Thai-551173
Thai;Thai Coconut Curry Soup;https://www.yummly.com/recipe/Thai-Coconut-Curry-Soup-970245
Thai;One-Pot Thai Spicy Shrimp and Rice;https://www.yummly.com/recipe/One-Pot-Thai-Spicy-Shrimp-and-Rice-2638262
Thai;Thai Red Curry Chicken;https://www.yummly.com/recipe/Thai-Red-Curry-Chicken-2532507
Thai;Thai Curry Vegetable Soup;https://www.yummly.com/recipe/Thai-Curry-Vegetable-Soup-1971628
Thai;Easy Thai Coconut Chicken Soup;https://www.yummly.com/recipe/Easy-Thai-Coconut-Chicken-Soup-1637454
Thai;Healthy Thai Sesame Patties;https://www.yummly.com/recipe/Healthy-Thai-Sesame-Patties-677352
Thai;Thai Red Curry Ramen Noodle Bowls;https://www.yummly.com/recipe/Thai-Red-Curry-Ramen-Noodle-Bowls-9136643
Thai;Tom Kha Gai (Thai Coconut Chicken Soup);https://www.yummly.com/recipe/Tom-Kha-Gai-_Thai-Coconut-Chicken-Soup_-2106392
Thai;Thai Tom Yum Soup with Shrimps;https://www.yummly.com/recipe/Thai-Tom-Yum-Soup-with-Shrimps-9133298
Thai;Thai Chicken Skewers;https://www.yummly.com/recipe/Thai-Chicken-Skewers-2531728
Thai;Spicy Thai Chicken Noodle Soup;https://www.yummly.com/recipe/Spicy-Thai-Chicken-Noodle-Soup-1882072
Thai;Thai green curry recipe | Vegetarian thai green curry;https://www.yummly.com/recipe/Thai-green-curry-recipe-_-Vegetarian-thai-green-curry-1896326
Thai;Thai Cabbage Salad;https://www.yummly.com/recipe/Thai-Cabbage-Salad-1678589
Thai;THAI MINCED PORK RECIPE (LAAB NAMTOK);https://www.yummly.com/recipe/THAI-MINCED-PORK-RECIPE-_LAAB-NAMTOK_-2666423
Thai;Instant Pot Thai Pork-Chop Curry;https://www.yummly.com/recipe/Instant-Pot-Thai-Pork-Chop-Curry-9055595
Thai;Vegan Thai Coconut Lemongrass Soup;https://www.yummly.com/recipe/Vegan-Thai-Coconut-Lemongrass-Soup-9099304
Thai;Red Lentil Thai Chili;https://www.yummly.com/recipe/Red-lentil-thai-chili-334620
Thai;"Thai Pumpkin Laksa with Crunchy ""Fried"" Chickpeas.";https://www.yummly.com/recipe/Thai-Pumpkin-Laksa-with-Crunchy-_Fried_-Chickpeas_-2212645
Thai;Thai Basil Tofu [Vegan];https://www.yummly.com/recipe/Thai-Basil-Tofu-_Vegan_-1687047
Thai;Thai BBQ Chicken;https://www.yummly.com/recipe/Thai-BBQ-Chicken-1837610
Thai;One-Skillet Ground Turkey Thai Curry with Rice;https://www.yummly.com/recipe/One-Skillet-Ground-Turkey-Thai-Curry-with-Rice-9033498
Thai;Thai Pineapple Fried Rice;https://www.yummly.com/recipe/Thai-Pineapple-Fried-Rice-1626045
Thai;Mussels Thai Style;https://www.yummly.com/recipe/Mussels-Thai-Style-2719701
Thai;Thai Veggie Salad;https://www.yummly.com/recipe/Thai-Veggie-Salad-681588
Thai;Thai Basil Eggplant Stir Fry;https://www.yummly.com/recipe/Thai-Basil-Eggplant-Stir-Fry-477751
Thai;Thai Holy Basil Pork;https://www.yummly.com/recipe/Thai-Holy-Basil-Pork-1622758
Thai;Thai Chicken With Cashews;https://www.yummly.com/recipe/Thai-Chicken-With-Cashews-2605498
Thai;Chicken Satay with Easy Thai Peanut Sauce;https://www.yummly.com/recipe/Chicken-Satay-with-Easy-Thai-Peanut-Sauce-9127159
Thai;Thai Spring Rolls with Peanut Sauce;https://www.yummly.com/recipe/Thai-Spring-Rolls-with-Peanut-Sauce-2704225
Greek;Tzatziki Sauce;https://www.yummly.com/recipe/Tzatziki-Sauce-2643599
Greek;Hummus-Hummus with Tahini;https://www.yummly.com/recipe/Hummus-Hummus-with-Tahini-1628120
Greek;Greek Gyro Recipe with Homemade Gyro Meat;https://www.yummly.com/recipe/Greek-Gyro-Recipe-with-Homemade-Gyro-Meat-9420502
Greek;Greek Pasta Salad;https://www.yummly.com/recipe/Greek-Pasta-Salad-2456118
Greek;Best Greek Salad Dressing & Greek Salad;https://www.yummly.com/recipe/Best-Greek-Salad-Dressing-_-Greek-Salad-2134977
Greek;The Best Greek Salad + Creamy Greek Salad Dressing;https://www.yummly.com/recipe/The-Best-Greek-Salad-_-Creamy-Greek-Salad-Dressing-1576415
Greek;Healthy Greek Chickpea Salad;https://www.yummly.com/recipe/Healthy-Greek-Chickpea-Salad-2426222
Greek;Greek Gyro Recipe with Homemade Gyro Meat;https://www.yummly.com/recipe/Greek-Gyro-Recipe-with-Homemade-Gyro-Meat-9282495
Greek;Greek Gyro Skillet;https://www.yummly.com/recipe/Greek-Gyro-Skillet-1970106
Greek;Healthy Greek Chicken Wrap With Tzatziki;https://www.yummly.com/recipe/Healthy-Greek-Chicken-Wrap-With-Tzatziki-1841435
Greek;Greek Chicken Stuffed Zucchini Boats;https://www.yummly.com/recipe/Greek-Chicken-Stuffed-Zucchini-Boats-9525393
Greek;Greek Chicken Bowls;https://www.yummly.com/recipe/Greek-Chicken-Bowls-9296288
Greek;Greek Chicken Gyro;https://www.yummly.com/recipe/Greek-Chicken-Gyro-2560067
Greek;Youvetsi | Greek Lamb Stew With Orzo;https://www.yummly.com/recipe/Youvetsi-_-Greek-Lamb-Stew-With-Orzo-1573321
Greek;Grilled Greek Lamb Quesadillas (Gluten Free);https://www.yummly.com/recipe/Grilled-Greek-Lamb-Quesadillas-_Gluten-Free_-1199297
Greek;American Greek Salad;https://www.yummly.com/recipe/American-greek-salad-310001
Greek;Marinated Greek Lamb with Lemon Roast Potatoes;https://www.yummly.com/recipe/Marinated-Greek-Lamb-with-Lemon-Roast-Potatoes-1524778
Greek;Easy Greek Fettuccine;https://www.yummly.com/recipe/Easy-Greek-Fettuccine-2727621
Greek;Easy Greek Salad;https://www.yummly.com/recipe/Easy-greek-salad-371374
Greek;Chopped Greek Salad;https://www.yummly.com/recipe/Chopped-Greek-Salad-1049186
Greek;224. Greek Lasagna (Pastitsio);https://www.yummly.com/recipe/224_-Greek-Lasagna-_Pastitsio_-1762125
Greek;World's Best Greek Vegan Spanakopita;https://www.yummly.com/recipe/World_s-Best-Greek-Vegan-Spanakopita-2629854
Greek;THE BEST GREEK PASTA SALAD;https://www.yummly.com/recipe/THE-BEST-GREEK-PASTA-SALAD-9047611
Greek;Greek Turkey Burgers;https://www.yummly.com/recipe/Greek-Turkey-Burgers-2430056
Greek;Greek Meatballs with Tzatziki Sauce;https://www.yummly.com/recipe/Greek-Meatballs-With-Tzatziki-Sauce-2534405
Greek;Spanakopita (Greek Spinach Pie);https://www.yummly.com/recipe/Spanakopita-_Greek-Spinach-Pie_-1309018
Greek;GREEK BEEF STIFADO;https://www.yummly.com/recipe/GREEK-BEEF-STIFADO-2543402
Greek;Greek Sheet Pan Chicken;https://www.yummly.com/recipe/Greek-Sheet-Pan-Chicken-9509977
Greek;Greek Stuffed Peppers with Feta Cheese;https://www.yummly.com/recipe/Greek-Stuffed-Peppers-with-Feta-Cheese-2281770
Greek;Greek Avocado & Grilled Chicken Salad with Greek Dressing;https://www.yummly.com/recipe/Greek-Avocado-_-Grilled-Chicken-Salad-with-Greek-Dressing-9124909
Greek;Greek Chickpea Salad + Tzatziki Dressing;https://www.yummly.com/recipe/Greek-Chickpea-Salad-_-Tzatziki-Dressing-2708554
Greek;Greek Lemon Chicken Skewers With Tzatziki Sauce;https://www.yummly.com/recipe/Greek-Lemon-Chicken-Skewers-With-Tzatziki-Sauce-2537933
Greek;Slow Cooker Chicken Gyros;https://www.yummly.com/recipe/Slow-Cooker-Chicken-Gyros-747167
Greek;Greek Tacos;https://www.yummly.com/recipe/Greek-Tacos-1733489
Greek;Greek Chicken Gyros with Tzatziki Sauce;https://www.yummly.com/recipe/Greek-Chicken-Gyros-with-Tzatziki-Sauce-2402907
Greek;Pork Gyros;https://www.yummly.com/recipe/Pork-Gyros-9280950
Greek;Greek Frittata with Zucchini, Tomatoes, Feta, and Herbs;https://www.yummly.com/recipe/Greek-frittata-with-zucchini_-tomatoes_-feta_-and-herbs-309978
Greek;Greek Quinoa Zucchini Fritters;https://www.yummly.com/recipe/Greek-Quinoa-Zucchini-Fritters-1225529
Greek;Greek Moussaka;https://www.yummly.com/recipe/Greek-Moussaka-1982919
Greek;Greek Chicken Rice Bowl;https://www.yummly.com/recipe/Greek-Chicken-Rice-Bowl-2154905
Greek;Greek Quesadillas;https://www.yummly.com/recipe/Greek-Quesadillas-9279821
Greek;One Skillet Greek Chicken and Orzo with Tomatoes, Feta, and Tzatziki;https://www.yummly.com/recipe/One-Skillet-Greek-Chicken-and-Orzo-with-Tomatoes_-Feta_-and-Tzatziki-9497871
Greek;Greek Healthy Meal Prep;https://www.yummly.com/recipe/Greek-Healthy-Meal-Prep-2151887
Greek;Greek Chicken Souvlaki;https://www.yummly.com/recipe/Greek-Chicken-Souvlaki-2384903
Greek;Kayak Charcuterie Board with Gyros;https://www.yummly.com/recipe/Kayak-Charcuterie-Board-with-Gyros-9516382
Greek;Greek Bowl With Meatballs;https://www.yummly.com/recipe/Greek-Bowl-With-Meatballs-9293009
Greek;One Pot Greek Chicken Orzo;https://www.yummly.com/recipe/One-Pot-Greek-Chicken-Orzo-1974021
Greek;Greek Sandwich with Feta Vinaigrette;https://www.yummly.com/recipe/Greek-Sandwich-with-Feta-Vinaigrette-MyRecipes-252042
Greek;Cauliflower Pizza with Greek Yogurt Pesto & Grilled Veggies;https://www.yummly.com/recipe/Cauliflower-Pizza-with-Greek-Yogurt-Pesto-_-Grilled-Veggies-2143920
Greek;Tomato Cucumber Feta Salad;https://www.yummly.com/recipe/Tomato-Cucumber-Feta-Salad-2631157
;;
;;
;;
;;
;;
;;
;;
;;
;;
;;
;;
;;
;;
;;
;;
;;
;;
;;
;;
;;
;;
;;
;;
;;
;;
;;
;;
;;
;;
;;
;;
;;
;;
;;
;;
;;
;;
;;
;;
;;
;;
;;
;;
;;
;;
;;
;;
;;
;;
;;
;;
;;
;;
;;
;;
;;
;;
;;
;;
;;
;;
;;
;;
;;
;;
;;
;;
;;
;;
;;
;;
;;
;;
;;
;;
;;
;;
;;
;;
;;
;;
;;
;;
;;
;;
;;
;;
;;
;;
;;
;;
;;
;;
;;
;;
;;
;;
;;
;;
;;
;;
;;
;;
;;
;;
;;
;;
;;
;;
;;
;;
;;
;;
;;
;;
;;
;;
;;
;;
;;
;;
;;
;;
;;
;;
;;
;;
;;
;;
;;
;;
;;
;;
;;
;;
;;
;;
;;
;;
;;
;;
;;
;;
;;
;;
;;
;;
;;
;;
;;
;;
;;
;;
;;
;;
;;
;;
;;
;;
;;
;;
;;
;;
;;
;;
;;
;;
;;
;;
;;
;;
;;
;;
;;
;;
;;
;;
;;
;;
;;
;;
;;
;;
;;
;;
;;
;;
;;
;;
;;
;;
;;
;;
;;
;;
;;
;;
;;
;;
;;
;;
;;
;;
;;
;;
;;
;;
;;
;;
;;
;;
;;
;;
;;
;;
;;
;;
;;
;;
;;
;;
;;
;;
;;
;;
;;
;;
;;
;;
;;
;;
;;
;;
;;
;;
;;
;;
;;
;;
;;
;;
;;
;;
;;
;;
;;
;;
;;
;;
;;
;;
;;
;;
;;
;;
;;
;;
;;
;;
;;
;;
;;
;;
;;
;;
;;
;;
;;
;;
;;
;;
;;
;;
;;
;;
;;
;;
;;
;;
;;
;;
;;
;;
;;
;;
;;
;;
;;
;;
;;
;;
;;
;;
;;
;;
;;
;;
;;
;;
;;
;;
;;
;;
;;
;;
;;
;;
;;
;;
;;
;;
;;
;;
;;
;;
;;
;;
;;
;;
;;
;;
;;
;;
;;
;;
;;
;;
;;
;;
;;
;;
;;
;;
;;
;;
;;
;;
;;
;;
;;
;;
;;
;;
;;
;;
;;
;;
;;
;;
;;
;;
;;
;;
;;
;;
;;
;;
;;
;;
;;
;;
;;
;;
;;
;;
;;
;;
;;
;;
;;
;;
;;
;;
;;
;;
;;
;;
;;
;;
;;
;;
;;
;;
;;
;;
;;
;;
;;
;;
;;
;;
;;
;;
;;
;;
;;
;;
;;
;;
;;
;;
;;
;;
;;
;;
;;
;;
;;
;;
;;
;;
;;
;;
;;
;;
;;
;;
;;
;;
;;
;;
;;
;;
;;
;;
;;
;;
;;
;;
;;
;;
;;
;;
;;
;;
;;
;;
;;
;;
;;
;;
;;
;;
;;
;;
;;
;;
;;
;;
;;
;;
;;
;;
;;
;;
;;
;;
;;
;;
;;
;;
;;
;;
;;
;;
;;
;;
;;
;;
;;
;;
;;
;;
;;
;;
;;
;;
;;
;;
;;
;;
;;
;;
;;
;;
;;
;;
;;
;;
;;
;;
;;
;;
;;
;;
;;
;;
;;
;;
;;
;;
;;
;;
;;
;;
;;
;;
;;
;;
;;
;;
;;
;;
;;
;;
;;
;;
;;
;;
;;
;;
;;
;;
;;
;;
;;
;;
;;
;;
;;
;;
;;
;;
;;
;;
;;
;;
;;
;;
;;
;;
;;
;;
;;
;;
;;
;;
;;
;;
;;
;;
;;
;;
;;
;;
;;
;;
;;
;;
;;
;;
;;
;;
;;
;;
;;
;;
;;
;;
;;
;;
;;
;;
;;
;;
;;
;;
;;
;;
;;
;;
;;
;;
;;
;;
;;
;;
;;
;;
;;
;;
;;
;;
;;
;;
;;
;;
;;
;;
;;
;;
;;
;;
;;
;;
;;
;;
;;
;;
;;
;;
;;
;;
;;
;;
;;
;;
;;
;;
;;
;;
;;
;;
;;
;;
;;
;;
;;
;;
;;
;;
;;
;;
;;
;;
;;
;;
;;
;;
;;
;;
;;
;;
;;
;;
;;
;;
;;
;;
;;
;;
;;
;;
;;
;;
;;
;;
;;
;;
;;
;;
;;
;;
;;
;;
;;
;;
;;
;;
;;
;;
;;
;;
;;
;;
;;
;;
;;
;;
;;
;;
;;
;;
;;
;;
;;
;;
;;
;;
;;
;;
;;
;;
;;
;;
;;
;;
;;
;;
;;
;;
;;
;;
;;
;;
;;
;;
;;
;;
;;
;;
;;
;;
;;
;;
;;
;;
;;
;;
;;
;;
;;
;;
;;
;;
;;
;;
;;
;;
;;
;;
;;
;;
;;
;;
;;
;;
;;
;;
;;
;;
;;
;;
;;
;;
;;
;;
;;
;;
;;
;;
;;
;;
;;
;;
;;
;;
;;
;;
;;
;;
;;
;;
;;
;;
;;
;;
;;
;;
;;
;;
;;
;;
;;
;;
;;
;;
;;
;;
;;
;;
;;
;;
;;
;;
;;
;;
;;
;;
;;
;;
;;
;;
;;
;;
;;
;;
;;
;;
;;
;;
;;
;;
;;
;;
;;
;;
;;
;;
;;
;;
;;
;;
;;
;;
;;
;;
;;
;;
;;
;;
;;
;;
;;
;;
;;
;;
;;
;;
;;
;;
;;
;;
;;
;;
;;
;;
;;
;;
;;
;;
;;
;;
;;
;;
;;
;;
;;
;;
;;
;;
;;
;;
;;
;;
;;
;;
;;
;;
;;
;;
;;
;;
;;
;;
;;
;;
;;
;;
;;
;;
;;
;;
;;
;;
;;
;;